method,mse_mean,mse_std,wasserstein_distance,c2st
NRE_Standard,26.41156005859375,7.786501407623291,5.24631949312435,1.0
NRE_Corrected,26.386510848999023,7.837695598602295,5.24315424320824,1.0
