,ALPHA,TIME_TRAINING,TIME_SIM,TIME_METRICS,NN_TRAIN_ACCURACY,NN_TEST_ACCURACY,C2ST_ABC,C2ST_NRE,C2ST_CORRECTED_NRE,RS_stat_ABC,RS_stat_NRE,RS_stat_CORRECTED_NRE,RS_pvalue_ABC,RS_pvalue_NRE,RS_pvalue_CORRECTED_NRE
0,1.0,204.80397605895996,0.8140850067138672,8.343842029571533,0.97997135,0.97997135,0.9960500001907349,0.5204499959945679,0.524649977684021,116.43734644216799,-1.4020859451701304,0.0506811252556328,0.0,0.16088958354971394,0.959579617181968
1,0.1,184.87576413154602,0.796593189239502,6.996463060379028,0.94045395,0.94045395,0.9586499929428101,0.49619999527931213,0.5042499899864197,73.16451280962788,-0.9147121325377342,-2.9216685264326414,0.0,0.36034277336893417,0.003481618611395749
